Symbol,Mark IV,Ask IV,Bid IV
ETH-250328-1500-P,0.8981365,0.90719044,0.8981365
ETH-250315-1800-P,0.8672446,0.87196052,0.8672446
ETH-250314-1700-C,1.2971,2.93209076,0.0000006
ETH-251226-10000-P,0.85501,-0.00000001,0.0000006
ETH-250314-2950-P,1.4,9.9999994,0.0000006
ETH-250328-1900-P,0.74240446,0.74649572,0.74240446
ETH-250926-3000-P,0.70886,-0.00000001,-0.00000001
ETH-250321-3200-C,1.4,1.47471905,1.43018723
ETH-250404-1850-P,0.73090315,0.73539257,0.73090315
ETH-250321-2500-C,0.98678118,0.99591434,0.98073304
ETH-250321-3000-P,1.25891,3.94777298,0.0000006
ETH-250316-1850-P,0.72183899,0.73124409,0.72151542
ETH-250321-1900-P,0.76382637,0.76957464,0.76382637
ETH-250926-8000-P,0.875435,-0.00000001,0.0000006
ETH-250315-1925-C,0.80398679,0.80944419,0.80398679
ETH-251226-1500-C,0.68306,-0.00000001,0.0000006
ETH-250530-2600-C,0.71026023,0.7139039,0.70890546
ETH-250530-3400-C,0.78710074,0.79053104,0.78369856
ETH-250627-2500-P,0.707245,-0.00000001,-0.00000001
ETH-250425-2200-C,0.70354893,0.70681691,0.70214033
ETH-250530-2400-C,0.69779921,0.70061505,0.6949532
ETH-250530-3400-P,0.792745,-0.00000001,-0.00000001
ETH-250321-2150-C,0.78739226,0.78739226,0.78317642
ETH-250926-1500-C,0.69066,-0.00000001,0.0000006
ETH-250328-2800-C,0.98007023,0.99009037,0.98007023
ETH-250926-5500-P,0.798635,-0.00000001,-0.00000001
ETH-250314-2350-P,1.4,7.39219666,0.0000006
ETH-250404-1700-C,0.75435895,0.75873375,0.72182417
ETH-251226-3600-C,0.71703,-0.00000001,-0.00000001
ETH-250328-1900-C,0.73014736,0.73014736,0.7240057
ETH-250321-1600-C,0.89943,1.66324615,0.0000006
ETH-250314-2550-P,1.4,9.74082947,0.0000006
ETH-250404-2200-C,0.73451725,0.73456943,0.73132038
ETH-250321-2250-C,0.83024883,0.83630204,0.82985103
ETH-250314-2000-C,1.08595431,1.12159193,1.08595431
ETH-250425-1900-C,0.69973403,0.70285201,0.6941092
ETH-250314-2850-P,1.4,9.9999994,0.0000006
ETH-250404-1850-C,0.72492123,0.72492123,0.7204318
ETH-250627-1700-C,0.693795,-0.00000001,0.21068454
ETH-250530-2500-C,0.70325912,0.70478261,0.70018232
ETH-250627-1900-P,0.7049346,0.71311712,0.7049346
ETH-250926-1900-C,0.69233,-0.00000001,-0.00000001
ETH-250328-4000-C,1.38436496,1.42451048,1.38436496
ETH-250328-4500-P,1.4,-0.00000001,-0.00000001
ETH-251226-4000-P,0.726625,-0.00000001,-0.00000001
ETH-250404-1750-P,0.7473886,0.75103521,0.7473886
ETH-250530-3000-P,0.75275,-0.00000001,-0.00000001
ETH-250315-1950-P,0.80963466,0.96016884,0.68701744
ETH-250425-1600-P,0.74865937,0.75277984,0.74865937
ETH-250321-2400-C,0.92024687,0.93051016,0.91936469
ETH-250328-6500-C,1.4,2.23368466,-0.00000001
ETH-251226-8000-P,0.823335,-0.00000001,-0.00000001
ETH-250425-3000-C,0.81310533,0.81921399,0.81099927
ETH-250328-4200-P,1.374525,-0.00000001,-0.00000001
ETH-250530-3500-C,0.79811042,0.80106139,0.79175532
ETH-250315-2025-C,0.87519356,0.88770807,0.87383449
ETH-250321-2300-C,0.85741699,0.8652848,0.85741699
ETH-250404-2200-P,0.73518441,0.77267647,0.71990013
ETH-250530-1500-C,0.741445,-0.00000001,-0.00000001
ETH-250926-6500-P,0.83768,-0.00000001,-0.00000001
ETH-250926-4800-P,0.77365,-0.00000001,-0.00000001
ETH-250926-4400-P,0.757975,-0.00000001,-0.00000001
ETH-250316-1750-P,0.80897331,0.8136189,0.80897331
ETH-250530-3000-C,0.7450167,0.74774384,0.74292421
ETH-250328-1000-P,1.4,1.43950701,1.42021596
ETH-251226-2400-P,0.6804,-0.00000001,0.0000006
ETH-250314-3400-C,1.4,5.9727478,-0.00000001
ETH-250321-1950-P,0.75221789,0.78523159,0.75028419
ETH-250315-2200-C,1.19152378,1.25425994,1.11069143
ETH-250425-3300-C,0.86543271,0.87192714,0.86018145
ETH-250315-1925-P,0.80433487,0.9125185,0.71647644
ETH-250321-2000-C,0.75206426,0.75300992,0.74596047
ETH-250315-1800-C,0.86092474,0.90769768,0.82269192
ETH-250627-2400-C,0.69317068,0.69844127,0.69058597
ETH-250328-3600-C,1.25475585,1.31111562,1.25475585
ETH-251226-9000-P,0.836675,-0.00000001,0.0000006
ETH-250316-1800-C,0.75988329,1.07417107,0.72236061
ETH-250328-4000-P,1.30056,-0.00000001,0.0000006
ETH-250627-2800-P,0.72178,-0.00000001,-0.00000001
ETH-250328-2500-C,0.86038169,0.86912096,0.8585465
ETH-250314-2100-C,1.4,1.50205731,1.30751908
ETH-250314-1700-P,1.3246274,1.35115266,1.3246274
ETH-250321-2100-P,0.77221485,0.87604523,0.74874878
ETH-250627-2200-P,0.70849895,0.72036266,0.70849895
ETH-250530-2600-P,0.71969,-0.00000001,-0.00000001
ETH-250321-2600-C,1.04987144,1.06900513,1.04987144
ETH-250314-3200-C,1.4,5.45675993,-0.00000001
ETH-250926-2500-C,0.6870477,0.77603579,0.62647223
ETH-251226-1200-C,0.6994,-0.00000001,0.0000006
ETH-250328-3500-P,1.18462,-0.00000001,-0.00000001
ETH-250321-2450-C,0.95364392,0.96652567,0.95364392
ETH-251226-2000-C,0.676315,-0.00000001,0.03500164
ETH-250425-1500-C,0.78223998,1.15570068,0.72569847
ETH-250926-1800-C,0.693565,-0.00000001,-0.00000001
ETH-251226-6000-C,0.773175,-0.00000001,-0.00000001
ETH-250328-2200-C,0.76080441,0.76551259,0.76080441
ETH-251226-1800-C,0.689385,-0.00000001,-0.00000001
ETH-250316-1875-C,0.71256542,0.7152164,0.70860028
ETH-250627-8000-C,1.0584861,1.0616684,1.0584861
ETH-250926-6000-P,0.81963,-0.00000001,-0.00000001
ETH-250328-2200-P,0.76738,1.70782089,0.0000006
ETH-250314-2600-P,1.4,9.9999994,0.0000006
ETH-250328-2300-C,0.79416752,0.79570949,0.79416752
ETH-250530-2700-C,0.71798397,0.7232219,0.71593702
ETH-251226-1200-P,0.7119,-0.00000001,-0.00000001
ETH-250314-3200-P,1.4,9.9999994,0.0000006
ETH-250321-1850-P,0.77099323,0.77665925,0.77099323
ETH-250627-5500-C,0.89636234,0.91009319,0.89260042
ETH-250425-2800-P,0.78391,1.50754929,0.0000006
ETH-250314-2050-C,1.23674506,1.25717342,1.1876291
ETH-250328-2600-C,0.89869701,0.90916097,0.89571953
ETH-250627-5000-C,0.86353242,0.87752283,0.86353242
ETH-250627-10000-P,1.081205,-0.00000001,0.0000006
ETH-251226-3400-P,0.71228,-0.00000001,-0.00000001
ETH-251226-3500-P,0.71456,-0.00000001,-0.00000001
ETH-250314-2450-P,1.4,8.58848572,0.0000006
ETH-250425-2100-P,0.70016146,0.74596643,0.70016146
ETH-250627-3200-P,0.74629,-0.00000001,-0.00000001
ETH-250328-2000-C,0.7300663,0.7300663,0.72404981
ETH-251226-3400-C,0.71228,-0.00000001,-0.00000001
ETH-250627-4000-C,0.79562923,0.80490232,0.79506695
ETH-250328-7500-C,1.4,2.02195764,-0.00000001
ETH-250314-1900-P,0.84640162,1.87516212,0.71846485
ETH-250328-3800-P,1.295295,-0.00000001,-0.00000001
ETH-250425-2300-C,0.7111531,0.71425974,0.71006417
ETH-250425-2200-P,0.70469778,0.75189114,0.7030201
ETH-250926-2400-C,0.68542075,0.7755965,0.62643349
ETH-251226-4200-P,0.731375,-0.00000001,-0.00000001
ETH-250321-2700-C,1.09981,1.12508953,1.09981
ETH-250627-2600-P,0.71133,-0.00000001,-0.00000001
ETH-250314-1950-P,0.907885,2.49425888,0.0000006
ETH-250328-1800-P,0.75214744,0.75989246,0.75214744
ETH-250425-4000-P,0.976475,2.72317886,0.0000006
ETH-250314-2050-P,1.220625,3.59130859,0.0000006
ETH-250425-1000-C,1.043545,-0.00000001,-0.00000001
ETH-250530-1600-P,0.72057486,0.72635591,0.72057486
ETH-250321-3000-C,1.28258288,1.32356822,1.28258288
ETH-251226-2500-C,0.72627902,-0.00000001,0.72627902
ETH-250404-1800-P,0.73783159,0.74129462,0.73783159
ETH-250328-4600-C,1.4,1.64453685,1.45404518
ETH-250926-2400-P,0.68635511,0.79479218,0.64461231
ETH-250530-1000-P,0.91221809,0.92460454,0.91221809
ETH-251226-2600-P,0.69575,-0.00000001,-0.00000001
ETH-250316-2000-C,0.7341557,0.7387197,0.73170841
ETH-250315-1825-C,0.83705902,0.84136486,0.83705902
ETH-250425-1800-P,0.7141161,0.72151423,0.7141161
ETH-251226-3200-C,0.70753,-0.00000001,-0.00000001
ETH-250926-2600-C,0.68926146,0.77717602,0.62648237
ETH-250627-1500-P,0.72438121,0.73256731,0.72438121
ETH-250315-2075-P,0.941895,2.31736183,0.0000006
ETH-250926-2000-P,0.68272441,0.77894926,0.62922716
ETH-250328-2100-C,0.73983927,0.74378431,0.73738635
ETH-250404-2100-C,0.72348952,0.72348952,0.7194376
ETH-250314-1800-P,0.9643513,0.97341895,0.9643513
ETH-250315-2050-C,0.91629922,0.93332112,0.91629922
ETH-251226-7000-P,0.799395,-0.00000001,-0.00000001
ETH-250404-2400-P,0.77156065,0.84427834,0.76194763
ETH-250627-2800-C,0.71250404,0.7184267,0.71053505
ETH-250314-1800-C,0.97004512,6.17186546,0.80400467
ETH-250314-2150-C,1.4,1.5177387,-0.00000001
ETH-251226-2500-P,0.68173,-0.00000001,0.0000006
ETH-250328-2300-P,0.782715,-0.00000001,0.0000006
ETH-250328-1000-C,1.4,9.9999994,0.0000006
ETH-250627-4000-P,0.80063,-0.00000001,-0.00000001
ETH-250314-2800-C,1.4,3.7180078,-0.00000001
ETH-250321-2000-P,0.75318109,0.8158493,0.72779417
ETH-250530-2400-P,0.70265029,-0.00000001,0.68961143
ETH-250425-1600-C,0.7429485,0.75042248,0.69931746
ETH-250315-1700-C,1.02906911,1.12486839,0.68889618
ETH-250314-3600-C,1.4,5.66111922,-0.00000001
ETH-251226-4500-C,0.77350318,-0.00000001,0.77350318
ETH-251226-10000-C,0.94254076,1.74470901,0.94254076
ETH-250926-5500-C,0.78811296,0.92771769,0.45140088
ETH-250321-2400-P,0.919,2.21126556,0.0000006
ETH-250530-4000-P,0.8506,-0.00000001,-0.00000001
ETH-250328-4200-C,1.39763781,1.50194824,1.32451236
ETH-251226-1500-P,0.68306,-0.00000001,0.11955321
ETH-250314-2700-P,1.4,9.9999994,0.0000006
ETH-250926-5000-P,0.77992,-0.00000001,-0.00000001
ETH-250926-6000-C,0.81707199,0.95818579,0.73949397
ETH-251226-3800-C,0.72178,-0.00000001,-0.00000001
ETH-250627-2200-C,0.6879885,0.69571376,0.68742633
ETH-250314-2550-C,1.4,2.96372056,-0.00000001
ETH-250321-2050-C,0.75687592,0.75920403,0.75363278
ETH-251226-3000-C,0.703255,-0.00000001,-0.00000001
ETH-250530-2500-P,0.713135,-0.00000001,-0.00000001
ETH-250627-4600-C,0.83572328,0.84956229,0.83572328
ETH-250328-4400-P,1.4,-0.00000001,-0.00000001
ETH-250404-2000-P,0.72354078,0.73416233,0.72354078
ETH-250314-2100-P,1.3959,4.28153992,0.0000006
ETH-250328-7000-P,1.4,-0.00000001,0.0000006
ETH-250425-4000-C,0.99307001,0.99992454,0.99307001
ETH-250425-3100-P,0.835115,1.81911469,0.0000006
ETH-250314-1875-C,0.8550179,0.86257279,0.8550179
ETH-250314-2850-C,1.4,4.44810092,-0.00000001
ETH-250627-3800-P,0.78695,-0.00000001,-0.00000001
ETH-251226-2600-C,0.68325,-0.00000001,0.12752593
ETH-250328-7000-C,1.4,2.27708757,1.93319976
ETH-250926-2800-C,0.69525443,0.78137875,0.68719864
ETH-250926-1000-C,0.75374,-0.00000001,0.0000006
ETH-251226-5000-C,0.75009,9.9999994,0.33815563
ETH-250314-1850-C,0.87046623,0.87742805,0.87046623
ETH-250321-2550-P,1.01001,2.67370224,0.0000006
ETH-250314-1900-C,0.85349619,0.86309075,0.85349619
ETH-251226-9000-C,0.85934103,-0.00000001,0.85934103
ETH-250425-2800-C,0.77799916,0.782215,0.77799916
ETH-250425-3300-P,0.86713,2.02768326,0.0000006
ETH-251226-2400-C,0.6804,-0.00000001,0.11992037
ETH-250315-1750-C,0.93654427,0.990839,0.78893185
ETH-250627-2400-P,0.703445,-0.00000001,-0.00000001
ETH-250425-3200-P,0.851075,1.920681,0.0000006
ETH-250627-1000-P,0.85652351,0.87093115,0.85652351
ETH-250627-8000-P,1.000265,-0.00000001,0.0000006
ETH-250328-5500-C,1.4,2.06863523,-0.00000001
ETH-250627-1700-P,0.70904613,0.71745157,0.70904613
ETH-250926-3200-C,0.70715589,0.79416573,0.70207
ETH-250321-1950-C,0.74407697,0.74407697,0.7420063
ETH-250926-2000-C,0.76069474,0.78315496,0.76069474
ETH-250404-1950-P,0.72357416,0.73266745,0.72357416
ETH-250328-2100-P,0.74781,3.0206871,0.0000006
ETH-250627-4500-C,0.82894523,0.84207237,0.8289367
ETH-250627-1800-C,0.70042253,0.70994496,0.70042253
ETH-250425-2900-C,0.79529113,0.79943538,0.79460979
ETH-250926-3500-P,0.712225,-0.00000001,0.0000006
ETH-250321-2550-C,1.01744592,1.03442132,1.01744592
ETH-250328-3300-C,1.16315305,1.20349705,1.16315305
ETH-250926-1000-P,0.7505244,0.7505244,0.6036067
ETH-250314-2300-C,1.4,2.10306644,-0.00000001
ETH-251226-8000-C,0.82711218,2.68451691,0.55108726
ETH-250316-1750-C,0.80134591,0.84171772,0.7019186
ETH-250315-2025-P,0.876155,1.91522598,0.0000006
ETH-250425-2000-C,0.69747406,0.70021033,0.69375217
ETH-250328-2400-P,0.82837,3.29902649,0.0000006
ETH-250627-2600-C,0.70149209,0.70701182,0.69947183
ETH-250316-1700-C,0.86223,-0.00000001,0.0000006
ETH-250926-1700-C,0.69537,-0.00000001,-0.00000001
ETH-250315-1950-C,0.80900239,0.81429958,0.80759585
ETH-250321-1700-P,0.83084404,0.83338141,0.83084404
ETH-250627-3400-C,0.75256385,0.7600832,0.75127065
ETH-250321-1400-C,1.11189,-0.00000001,0.0000006
ETH-251226-2800-P,0.69917,-0.00000001,-0.00000001
ETH-250530-2300-C,0.69338083,0.69602072,0.69338083
ETH-250530-1800-P,0.70365787,0.71101427,0.70365787
ETH-250425-3600-C,0.91453522,0.92504323,0.90916574
ETH-250530-1800-C,0.69731951,0.70528984,0.69731951
ETH-250627-3000-P,0.72068,-0.00000001,0.0000006
ETH-251226-4000-C,0.726625,-0.00000001,-0.00000001
ETH-250425-3400-P,0.88252,2.13388443,0.0000006
ETH-250627-10000-C,1.14160359,1.14616334,1.14160359
ETH-251226-1800-P,0.689385,-0.00000001,-0.00000001
ETH-250316-2000-P,0.73422376,0.84223747,0.63091278
ETH-251226-7500-C,0.86637914,-0.00000001,0.86637914
ETH-250314-2800-P,1.4,9.9999994,0.0000006
ETH-250530-2300-P,0.70354,-0.00000001,-0.00000001
ETH-250425-4200-C,1.00564121,1.01343632,0.99561214
ETH-250425-3000-P,0.81735,1.71563148,0.0000006
ETH-250321-2700-P,1.08601,3.11653137,0.0000006
ETH-250315-1900-C,0.80323104,0.80616593,0.80147564
ETH-250926-4600-C,0.75770218,0.87111831,0.60636878
ETH-250627-5000-P,0.86219,-0.00000001,-0.00000001
ETH-250425-2400-C,0.72077812,0.72773993,0.72058499
ETH-250314-1750-C,1.11945,2.15303421,0.0000006
ETH-250328-3200-P,1.08719,-0.00000001,0.0000006
ETH-250315-1875-C,0.80475688,0.80903292,0.80475688
ETH-250328-2600-P,0.898575,4.62001801,0.0000006
ETH-250314-1875-P,0.83258639,0.89882374,0.76963186
ETH-250315-1975-C,0.8295548,0.83793044,0.8295548
ETH-250314-2500-C,1.4,2.80115604,-0.00000001
ETH-250404-2000-C,0.7173872,0.7173872,0.71383595
ETH-250530-1400-P,0.75659454,0.76148748,0.75659454
ETH-250926-4000-C,0.75772703,0.83463967,0.75772703
ETH-250314-3600-P,1.4,9.9999994,0.0000006
ETH-250926-1200-C,0.73109,-0.00000001,-0.00000001
ETH-250627-3600-P,0.772795,-0.00000001,-0.00000001
ETH-250314-2450-C,1.4,2.63413012,-0.00000001
ETH-250404-1750-C,0.74191298,0.74931383,0.72740555
ETH-250425-1000-P,1.05359137,1.07272267,1.05359137
ETH-250404-1900-C,0.72046876,0.72046876,0.71264863
ETH-251226-4400-P,0.73641,-0.00000001,-0.00000001
ETH-250425-2600-P,0.7481708,0.83569527,0.7469368
ETH-251226-6500-P,0.77236,-0.00000001,0.0000006
ETH-250627-1500-C,0.71232,-0.00000001,0.0000006
ETH-251226-1900-P,0.68853,-0.00000001,-0.00000001
ETH-250314-2200-C,1.4,1.86199367,1.71983778
ETH-250315-1650-P,1.14797199,1.15819275,1.14428699
ETH-250926-3800-C,0.72686799,0.82313478,0.62558472
ETH-250530-3200-P,0.75944,-0.00000001,0.0000006
ETH-250316-2100-C,0.82099558,0.82934439,0.81247866
ETH-250328-1800-C,0.74548065,0.74554086,0.73708534
ETH-250425-3700-P,0.92926,2.43785858,0.0000006
ETH-250425-2700-C,0.76304674,0.7667017,0.76304674
ETH-251226-7000-C,0.86355388,4.66043472,0.86355388
ETH-250328-3700-C,1.27596301,1.35709286,1.26182735
ETH-251226-5500-C,0.7613,-0.00000001,-0.00000001
ETH-250321-2150-P,0.79010994,0.9012413,0.74015617
ETH-250530-1900-P,0.70223093,0.70993662,0.70223093
ETH-250530-2100-C,0.68928897,0.69168925,0.68928897
ETH-250314-1850-P,0.84959478,0.86215734,0.8482337
ETH-250316-1950-C,0.71459089,0.71720541,0.70783019
ETH-250425-5000-P,1.087815,3.57965469,0.0000006
ETH-250926-3600-P,0.72843,-0.00000001,-0.00000001
ETH-250314-3100-P,1.4,9.9999994,0.0000006
ETH-250314-2650-C,1.4,3.27649772,-0.00000001
ETH-250425-3500-P,0.89867,2.23682404,0.0000006
ETH-250425-3600-P,0.91368,2.33839035,0.0000006
ETH-250321-2300-P,0.858485,9.9999994,0.0000006
ETH-250315-1975-P,0.82603863,0.99097252,0.68917274
ETH-251226-3500-C,0.71456,-0.00000001,-0.00000001
ETH-250316-1700-P,0.87390643,0.89324892,0.87380826
ETH-250627-4400-C,0.82436669,0.83562791,0.82323968
ETH-250316-2100-P,0.82495,1.94458008,0.0000006
ETH-250425-2500-C,0.73282421,0.73694766,0.73282421
ETH-250404-1400-P,0.90165435,0.90416193,0.9012121
ETH-250315-2200-P,1.1774,3.28983307,0.0000006
ETH-250314-2150-P,1.4,5.01571655,0.0000006
ETH-250926-1200-P,0.7224301,0.83382249,0.61978161
ETH-250926-6500-C,0.83984808,0.9867233,-0.00000001
ETH-250926-2800-P,0.70354,-0.00000001,-0.00000001
ETH-250321-2100-C,0.7700671,0.77283621,0.76604784
ETH-250321-1400-P,1.14117324,1.15031302,1.14117324
ETH-250321-2800-P,1.14776,3.40208054,0.0000006
ETH-250328-3400-P,1.132315,-0.00000001,0.0000006
ETH-250926-5000-C,0.77171237,0.89627802,0.57541668
ETH-250530-3200-C,0.76524604,0.76828122,0.76396048
ETH-250315-1750-P,0.93902682,0.94273627,0.93633652
ETH-250314-1600-P,1.4,1.70595646,1.61529541
ETH-250328-3700-P,1.25549,-0.00000001,-0.00000001
ETH-250328-3500-C,1.20873392,1.28607213,1.20873392
ETH-250316-1650-C,0.942505,-0.00000001,0.0000006
ETH-250627-3500-P,0.76605,-0.00000001,-0.00000001
ETH-250321-2500-P,0.982365,2.52087593,0.0000006
ETH-250627-2000-C,0.6915009,0.69906831,0.6915009
ETH-250425-4500-P,1.031385,3.16650391,0.0000006
ETH-250328-3000-P,1.042595,-0.00000001,-0.00000001
ETH-250321-3200-P,1.347355,4.46590424,0.0000006
ETH-250926-4400-C,0.74980832,0.85860193,0.61473072
ETH-250328-4800-P,1.4,-0.00000001,-0.00000001
ETH-250314-1650-P,1.4,1.54663086,1.50038004
ETH-250627-1900-C,0.69583416,0.7035017,0.69583416
ETH-251226-1900-C,0.72981954,-0.00000001,0.72981954
ETH-250315-2100-P,0.98398,2.51678467,0.0000006
ETH-250530-2200-C,0.68978665,0.69296777,0.68609834
ETH-250316-1600-P,1.0554868,1.06867313,1.0554868
ETH-250321-2250-P,0.833595,1.73232079,0.0000006
ETH-250315-1875-P,0.80351253,0.82393408,0.80256701
ETH-250314-1650-C,1.4,3.81313324,0.0000006
ETH-250314-3000-C,1.4,4.26225066,-0.00000001
ETH-250314-2250-C,1.4,1.91471457,-0.00000001
ETH-250627-1200-P,0.78355372,0.79491556,0.78355372
ETH-250328-2000-P,0.73102246,0.76111317,0.70178509
ETH-250425-1500-P,0.77483773,0.77981949,0.77483773
ETH-250328-4500-C,1.4,1.83013082,1.50910676
ETH-250321-2450-P,0.948545,2.36755371,0.0000006
ETH-250926-4500-P,0.76187,-0.00000001,-0.00000001
ETH-250321-2350-P,0.8867,2.05186844,0.0000006
ETH-250316-1650-P,0.96436203,0.98269701,0.96436203
ETH-250321-2800-C,1.18982255,1.21663034,1.18982255
ETH-251226-3600-P,0.71703,-0.00000001,-0.00000001
ETH-250404-1900-P,0.72749496,0.73419809,0.72749496
ETH-250425-3500-C,0.89868463,0.90751112,0.89307427
ETH-250627-3600-C,0.76625226,0.77422559,0.76406479
ETH-250316-1800-P,0.75849056,0.76568723,0.75849056
ETH-251226-1000-P,0.78286886,1.77057028,0.78286886
ETH-250530-2800-C,0.72650686,0.72964013,0.72363436
ETH-251226-2800-C,0.69917,-0.00000001,-0.00000001
ETH-250316-1925-C,0.71191132,0.71191132,0.70391834
ETH-250321-2350-C,0.88854373,0.89794874,0.88854373
ETH-250316-1875-P,0.71300464,0.72895765,0.71242809
ETH-250321-1800-P,0.78209281,0.78801632,0.78209281
ETH-250530-2000-P,0.70127964,0.71011066,0.70127964
ETH-250321-2650-P,1.06872,2.97142029,0.0000006
ETH-250321-2200-P,0.80850431,0.94646454,0.74670792
ETH-250314-2900-C,1.4,3.99598837,-0.00000001
ETH-250315-1700-P,1.03883564,1.04813099,1.03883564
ETH-250926-2600-P,0.69917,-0.00000001,-0.00000001
ETH-250530-1700-P,0.70941567,0.71595967,0.70941567
ETH-250328-3300-P,1.116545,-0.00000001,0.0000006
ETH-250530-1900-C,0.69085836,0.69915295,0.69085836
ETH-250425-1900-P,0.70890427,0.71685314,0.70890427
ETH-250926-1900-P,0.68246664,0.77762842,0.62783718
ETH-250926-4000-P,0.743155,-0.00000001,-0.00000001
ETH-250314-1600-C,1.4,4.72000122,0.0000006
ETH-250328-2500-P,0.84969,-0.00000001,0.0000006
ETH-250315-1900-P,0.80358415,0.83194256,0.78982353
ETH-250627-3400-P,0.75978,-0.00000001,-0.00000001
ETH-250627-2500-C,0.69716721,0.70258737,0.69430113
ETH-250314-2000-P,1.027015,2.77746201,0.0000006
ETH-250425-2500-P,0.73421438,0.80453873,0.72903633
ETH-250404-2400-C,0.76997101,0.77249944,0.76997101
ETH-250328-1500-C,0.89715,3.89539719,0.0000006
ETH-250328-1700-P,0.78363657,0.79025388,0.78363657
ETH-251226-4500-P,0.73888,-0.00000001,-0.00000001
ETH-250314-2600-C,1.4,3.62298369,-0.00000001
ETH-250314-2300-P,1.4,6.77612305,0.0000006
ETH-250926-4500-C,0.75377131,0.86473286,0.61131954
ETH-250328-3600-P,1.227085,-0.00000001,-0.00000001
ETH-250314-2500-P,1.4,9.16988373,0.0000006
ETH-250314-3100-C,1.4,4.51778293,-0.00000001
ETH-251226-2200-C,0.677645,-0.00000001,0.06048262
ETH-250926-3000-C,0.69922285,0.78716755,0.62734663
ETH-250926-2200-C,0.74049234,0.77875853,0.74049234
ETH-250627-4500-P,0.83217,-0.00000001,-0.00000001
ETH-250321-1700-C,0.82159261,0.84016323,0.75714111
ETH-250315-1825-P,0.84316969,0.84747434,0.84316969
ETH-250425-2700-P,0.76340916,0.85935593,0.75901031
ETH-251226-6500-C,0.78486,-0.00000001,-0.00000001
ETH-250314-1950-C,0.93501389,0.95437706,0.93501389
ETH-250328-3000-C,1.07713521,1.08992159,1.07713521
ETH-251226-7500-P,0.81355,-0.00000001,-0.00000001
ETH-250314-2700-C,1.4,3.42716098,-0.00000001
ETH-250314-2750-C,1.4,3.5742718,-0.00000001
ETH-250627-1000-C,0.83259,-0.00000001,0.0000006
ETH-250315-1650-C,1.13541,2.31716156,0.0000006
ETH-250425-2300-P,0.71218314,0.76103687,0.70448875
ETH-251226-3000-P,0.703255,-0.00000001,-0.00000001
ETH-250926-8000-C,0.88986221,1.06353462,0.81355393
ETH-250926-4200-C,0.7423187,0.84647238,0.61987579
ETH-250627-3800-C,0.78114885,0.78905523,0.7788986
ETH-250316-1950-P,0.71476653,0.7862711,0.6457901
ETH-250315-2050-P,0.90209,2.11518288,0.0000006
ETH-250926-3400-P,0.721115,-0.00000001,-0.00000001
ETH-250926-1700-P,0.68547799,0.77984095,0.62447846
ETH-251226-6000-P,0.773175,-0.00000001,-0.00000001
ETH-250315-1850-P,0.81753492,0.82584858,0.81753492
ETH-250404-1700-P,0.76064527,0.76195478,0.76064527
ETH-250328-3800-C,1.31724702,1.37412965,1.30395114
ETH-250627-4200-P,0.81317,-0.00000001,-0.00000001
ETH-250530-2100-P,0.70302486,0.713799,0.70302486
ETH-250926-4200-P,0.75066,-0.00000001,-0.00000001
ETH-250328-6000-P,1.4,-0.00000001,0.0000006
ETH-250425-3200-C,0.8485265,0.85602343,0.8420366
ETH-250314-3300-C,1.4,5.5488503,-0.00000001
ETH-250926-3600-C,0.71942237,0.81228912,0.62740564
ETH-250530-1600-C,0.712605,-0.00000001,0.0000006
ETH-251226-4400-C,0.73641,-0.00000001,-0.00000001
ETH-251226-2200-P,0.690145,-0.00000001,-0.00000001
ETH-251226-3800-P,0.72178,-0.00000001,-0.00000001
ETH-250404-1400-C,0.88902,-0.00000001,0.0000006
ETH-250425-3800-P,0.94484,2.53448486,0.0000006
ETH-250627-3500-C,0.75914719,0.76668382,0.7572037
ETH-250328-5500-P,1.4,-0.00000001,0.0000006
ETH-250316-1600-C,1.032755,-0.00000001,0.0000006
ETH-250425-2400-P,0.72194354,0.78099251,0.7139492
ETH-250530-1200-P,0.8177036,0.82667768,0.8177036
ETH-250316-1925-P,0.71284426,0.76400042,0.65196991
ETH-250425-3400-C,0.88165542,0.89143574,0.87398112
ETH-250314-2400-C,1.4,2.46234298,-0.00000001
ETH-251226-4200-C,0.718875,-0.00000001,0.28223932
ETH-250530-1000-C,0.88959,-0.00000001,0.0000006
ETH-250328-5000-C,1.4,1.94966197,1.62403762
ETH-250315-2100-C,0.98860927,1.01946056,0.96571028
ETH-250404-2100-P,0.7243906,0.75568676,0.71553707
ETH-250926-3400-C,0.71188478,0.8025974,0.62819362
ETH-250321-2600-P,1.04155,2.82384872,0.0000006
ETH-251226-5500-P,0.7613,-0.00000001,-0.00000001
ETH-250314-3300-P,1.4,9.9999994,0.0000006
ETH-250316-1850-C,0.72119117,0.72119117,0.71794748
ETH-250627-1200-C,0.781725,-0.00000001,-0.00000001
ETH-250314-2900-P,1.4,9.9999994,0.0000006
ETH-250316-1900-P,0.71302764,0.74579716,0.69270849
ETH-250530-1200-C,0.821245,-0.00000001,-0.00000001
ETH-250314-2350-C,1.4,2.28545368,-0.00000001
ETH-250321-2050-P,0.75826973,0.8356905,0.73289871
ETH-250425-2900-P,0.80044,1.61185265,0.0000006
ETH-250328-4600-P,1.39955,-0.00000001,0.0000006
ETH-250530-2200-P,0.70899963,0.72633505,0.70899963
ETH-251226-1000-C,0.720965,-0.00000001,0.0000006
ETH-250530-1700-C,0.71323,-0.00000001,-0.00000001
ETH-250328-4400-C,1.4,1.8077302,1.39096975
ETH-250425-3800-C,0.94722706,0.95731318,0.93816936
ETH-250328-2800-P,0.958655,-0.00000001,0.0000006
ETH-250530-1400-C,0.75753954,-0.00000001,0.68878174
ETH-250404-1800-C,0.73190325,0.73393822,0.72239161
ETH-250926-1800-P,0.68366364,0.77777982,0.62616587
ETH-250328-4800-C,1.4,1.60451353,-0.00000001
ETH-250425-4500-C,1.03859031,1.0551852,1.03302717
ETH-250321-1800-C,0.77222824,0.77222824,0.76234341
ETH-250627-4600-P,0.83825,-0.00000001,-0.00000001
ETH-250926-3800-P,0.73565,-0.00000001,-0.00000001
ETH-250315-1850-C,0.81565142,0.81980705,0.81565142
ETH-250926-4800-C,0.76558974,0.88363707,0.59395254
ETH-250425-1800-C,0.70794248,0.71013808,0.70356131
ETH-250321-1900-C,0.75104475,0.75104475,0.74336767
ETH-250321-2650-C,1.07814381,1.09938323,1.07756913
ETH-250404-1600-P,0.79589128,0.79751015,0.79589128
ETH-250321-1600-P,0.90597153,0.9097594,0.90597153
ETH-250530-2700-P,0.727005,-0.00000001,-0.00000001
ETH-250627-3200-C,0.73835227,0.74554324,0.73694766
ETH-250314-2250-P,1.4,6.1472702,0.0000006
ETH-250627-6000-C,0.9421581,0.94610035,0.9421581
ETH-250627-6000-P,0.926885,-0.00000001,-0.00000001
ETH-250314-3000-P,1.4,9.9999994,0.0000006
ETH-250926-1500-P,0.69346324,0.78904748,0.62308192
ETH-250530-4000-C,0.8480802,0.85628569,0.84292233
ETH-250315-2000-P,0.84855457,1.06053352,0.66144943
ETH-250316-1900-C,0.71255167,0.71328163,0.7061851
ETH-250530-3500-P,0.79079,-0.00000001,0.0000006
ETH-250627-5500-P,0.896295,-0.00000001,-0.00000001
ETH-250315-2000-C,0.86154401,0.8720088,0.86154401
ETH-251226-5000-P,0.75009,-0.00000001,-0.00000001
ETH-251226-3200-P,0.69503,-0.00000001,0.0000006
ETH-250404-1950-C,0.71874261,0.71874261,0.7141912
ETH-250926-2200-P,0.6832234,0.78607082,0.63446522
ETH-250328-5000-P,1.4,-0.00000001,0.0000006
ETH-250425-3100-C,0.83173911,0.83867908,0.82628548
ETH-250425-3700-C,0.93080258,0.93966186,0.92204154
ETH-250328-1700-C,0.772455,-0.00000001,0.0000006
ETH-250926-2500-P,0.696985,-0.00000001,-0.00000001
ETH-250328-2400-C,0.82821548,0.8322531,0.82821548
ETH-250328-7500-P,1.4,-0.00000001,-0.00000001
ETH-250321-2200-C,0.80659583,0.8110249,0.80580831
ETH-250627-2000-P,0.70467472,0.71224213,0.70467472
ETH-251226-2000-P,0.676315,-0.00000001,0.0000006
ETH-250314-2400-P,1.4,7.99606323,0.0000006
ETH-250926-3500-C,0.7155995,0.80726862,0.62771142
ETH-250328-6500-P,1.4,-0.00000001,0.0000006
ETH-250314-2750-P,1.4,9.9999994,0.0000006
ETH-250627-4400-P,0.827895,-0.00000001,-0.00000001
ETH-250627-3000-C,0.72458763,0.73228002,0.72402537
ETH-250425-2100-C,0.69886107,0.70258498,0.69745779
ETH-250425-4200-P,1.000415,2.90447235,0.0000006
ETH-250425-2600-C,0.74688017,0.75321138,0.74688017
ETH-250530-2800-P,0.735175,-0.00000001,-0.00000001
ETH-250425-2000-P,0.70939541,0.71745396,0.70939541
ETH-250404-1600-C,0.78981291,0.80470562,0.74881077
ETH-250328-3400-C,1.18960679,1.23614252,1.18960679
ETH-250315-2075-C,0.94495729,0.98249257,0.93999922
ETH-250314-2200-P,1.4,5.48698425,0.0000006
ETH-250314-1750-P,1.13122757,1.14328146,1.12782121
ETH-250328-6000-C,1.4,2.13021338,-0.00000001
ETH-250314-3400-P,1.4,9.9999994,0.0000006
ETH-250627-1800-P,0.70544243,0.71443677,0.70544243
ETH-250425-5000-C,1.10800564,1.12225413,1.10800564
ETH-250926-3200-P,0.70225,-0.00000001,0.0000006
ETH-250530-2000-C,0.68773771,0.69300413,0.68770409
ETH-250530-1500-P,0.73461413,0.74205399,0.73461413
ETH-250314-2950-C,1.4,4.13051903,-0.00000001
ETH-250926-4600-P,0.765765,-0.00000001,-0.00000001
ETH-250314-2650-P,1.4,9.9999994,0.0000006
ETH-250328-3200-C,1.13053262,1.16600573,1.13053262
ETH-250321-1850-C,0.75904131,0.75904131,0.74959874
ETH-250627-4200-C,0.80890057,0.82107723,0.8081454