Blockno,DateTime (UTC),Parent Transaction Hash,Status,Type,From,From_Nametag,To,To_Nametag,Amount,Value (USD)
"27186262","2025-03-05 08:04:31","0x3b21046f6a55de749404dfd7a9ab164c94c77a4b3e23d4dcc4c5cdefe2a375d9","Success","call","0x4752ba5dbc23f44d87826276bf6fd6b1c372ad24","Uniswap: V2 Router02","0x4200000000000000000000000000000000000006","Wrapped Ether","0.09304 ETH","$205.54"
"","","0x37a222975f5ab71b0fb46f516286b0db84deecacca12f22863c2b805a5475142","Success","call","0x0000000071727de22e5e9d8baf0edac6f37da032","Entry Point 0.7.0","0x4337011463ef6bd863e47e7b5e743d2522261131","","0.000000335796289751 ETH","$0.00"
"","","0xb35f48c5f6ff2af162d4756e7b62ad483d6ca4dd956fbddc592280befca1b6dc","Success","call","0x0000000071727de22e5e9d8baf0edac6f37da032","Entry Point 0.7.0","0x43370146366cfea21302962ae3a558d72bbcc487","Pimlico: ERC-4337 Bundler 14","0.00000033582180216 ETH","$0.00"
"","","0x2d8e927d3aae2ed255ca70d87fc287659a104b364cc54891d2f32a8f994cb946","Success","call","0x5ff137d4b0fdcd49dca30c7cf57e578a026d2789","Entry Point 0.6.0","0x4337001fff419768e088ce247456c1b892888084","","0.000011833428516442 ETH","$0.03"
"","","0x2d8e927d3aae2ed255ca70d87fc287659a104b364cc54891d2f32a8f994cb946","Success","create2","0x33128a8fc17869897dce68ed026d694621f6fdfd","","0x9138a9b8a9a6f98cef74de30124908116f6a52c8","","0 ETH","$0.00"
"","","0x2d8e927d3aae2ed255ca70d87fc287659a104b364cc54891d2f32a8f994cb946","Success","create2","0x777777751622c0d3258f214f9df38e35bf45baf3","","0x03e07d63872d5fe74b20266048b9d9f4972c135f","","0 ETH","$0.00"
"","","0x5bf91e388c162daf217324c7576b463efddc461666e00e8cb81206848cbcebba","Success","create2","0x665766368ee511ebd3cd5f9300520dac915e941c","","0x702f4861f9a5bbd5e20b3e551e3a96de0035fc6a","","0 ETH","$0.00"
"","","0xf4083a4937097b5a6b40cf8a0780855ea74c1e74dfd2f84b892eb6936dace76e","Success","call","0x5ff137d4b0fdcd49dca30c7cf57e578a026d2789","Entry Point 0.6.0","0x574a8acb2dba4eda6e52681834477e5c25ef98ee","","0.000001375535965733 ETH","$0.00"
"","","0xf4083a4937097b5a6b40cf8a0780855ea74c1e74dfd2f84b892eb6936dace76e","Success","create2","0x000000a56aaca3e9a4c479ea6b6cd0dbcb6634f5","Biconomy: Smart Account Factory","0x3f2c6efa658389025934f31d1b773ae49eace3e8","","0 ETH","$0.00"
"","","0xcb241d29f02ac8fd96d8f889539fde6252e47109e330ca570a88363f952f251d","Success","call","0x44914408af82bc9983bbb330e3578e1105e11d4e","","0x9176e536f21474502b00e30a5dd24461f7ee6de1","","0.000001848552261754 ETH","$0.00"
"","","0xbcc817efb2875676577a7a34e048c7d5841afe0759cb7756311c27c8bd8b790e","Success","call","0x4752ba5dbc23f44d87826276bf6fd6b1c372ad24","Uniswap: V2 Router02","0x7b20d02fb25e5f45f591fdf74f06f0d97347850b","","0.195590151951207688 ETH","$432.09"
"","","0xbcc817efb2875676577a7a34e048c7d5841afe0759cb7756311c27c8bd8b790e","Success","call","0x4200000000000000000000000000000000000006","Wrapped Ether","0x4752ba5dbc23f44d87826276bf6fd6b1c372ad24","Uniswap: V2 Router02","0.195590151951207688 ETH","$432.09"
"","","0x13f04e183465ea12da0e3fd70d4c1d5c2aac85a73fa8d4e41022b0b05e5d1cdb","Success","call","0x4752ba5dbc23f44d87826276bf6fd6b1c372ad24","Uniswap: V2 Router02","0x09a26fbf4b8dae87696caa8802198b9776eb4dfc","","0.272356282674835436 ETH","$601.67"
"","","0x13f04e183465ea12da0e3fd70d4c1d5c2aac85a73fa8d4e41022b0b05e5d1cdb","Success","call","0x4200000000000000000000000000000000000006","Wrapped Ether","0x4752ba5dbc23f44d87826276bf6fd6b1c372ad24","Uniswap: V2 Router02","0.272356282674835436 ETH","$601.67"
"","","0x1c68c0e2371ebf40a8dc513d9a1550ba662323582d2090ed6e7da932a8ca56c2","Success","call","0x4752ba5dbc23f44d87826276bf6fd6b1c372ad24","Uniswap: V2 Router02","0x4200000000000000000000000000000000000006","Wrapped Ether","0.5 ETH","$1,104.57"
"","","0x1c68c0e2371ebf40a8dc513d9a1550ba662323582d2090ed6e7da932a8ca56c2","Success","call","0x5e2f6222ebbf41a24004472d306a8a5d92cd82da","","0x4752ba5dbc23f44d87826276bf6fd6b1c372ad24","Uniswap: V2 Router02","0.5 ETH","$1,104.57"
"","","0xccc430b54d954030830b5b0b1efc11fa4e735b2230f071d1cd594be9fffeb3a3","Success","call","0x4752ba5dbc23f44d87826276bf6fd6b1c372ad24","Uniswap: V2 Router02","0x5e2f6222ebbf41a24004472d306a8a5d92cd82da","","0.397108538587310219 ETH","$877.27"
"","","0xccc430b54d954030830b5b0b1efc11fa4e735b2230f071d1cd594be9fffeb3a3","Success","call","0x4200000000000000000000000000000000000006","Wrapped Ether","0x4752ba5dbc23f44d87826276bf6fd6b1c372ad24","Uniswap: V2 Router02","0.397108538587310219 ETH","$877.27"
"","","0x586ee9e92011461574e7563d2c53252223c3d4d7dcd99c6bdda36df716697274","Success","call","0x4752ba5dbc23f44d87826276bf6fd6b1c372ad24","Uniswap: V2 Router02","0x4200000000000000000000000000000000000006","Wrapped Ether","0.19 ETH","$419.74"
"","","0x586ee9e92011461574e7563d2c53252223c3d4d7dcd99c6bdda36df716697274","Success","call","0x7b20d02fb25e5f45f591fdf74f06f0d97347850b","","0x4752ba5dbc23f44d87826276bf6fd6b1c372ad24","Uniswap: V2 Router02","0.19 ETH","$419.74"
"","","0x0f6bfb05c84a57852fdcd51cda36e905f0ba564df895a88d58f194385ed9bea4","Success","call","0x4752ba5dbc23f44d87826276bf6fd6b1c372ad24","Uniswap: V2 Router02","0x5e2f6222ebbf41a24004472d306a8a5d92cd82da","","0.48923972959727792 ETH","$1,080.80"
"","","0x0f6bfb05c84a57852fdcd51cda36e905f0ba564df895a88d58f194385ed9bea4","Success","call","0x4200000000000000000000000000000000000006","Wrapped Ether","0x4752ba5dbc23f44d87826276bf6fd6b1c372ad24","Uniswap: V2 Router02","0.48923972959727792 ETH","$1,080.80"
"","","0xd0c7725eb05cea288ef1fcab6d2f1710d7be82f2a31ff9edc75434333723afa6","Success","call","0x410b72ccfeacbb20a31785edaa358d25a07e143d","","0x4200000000000000000000000000000000000006","Wrapped Ether","0.01 ETH","$22.09"
"","","0x30ffdc85698695ff1f5f85b4500594c47a1eee3f0ab7f339992b9d2739b671ee","Success","call","0xb5cedaf172425bdea4c186f6fcf30b367273da19","","0x1f49a3fa2b5b5b61df8de486abb6f3b9df066d86","","0.002174 ETH","$4.80"
"","","0xa6e41d553cac28b9f394decf5a69b77ded81a08be1f33512942133ba71722989","Success","call","0xa5f565650890fba1824ee0f21ebbbf660a179934","Reservoir: Relay Receiver","0xf70da97812cb96acdf810712aa562db8dfa3dbef","","0.018695141240803433 ETH","$41.30"
"","","0x5adab6bfec74bd6bdb4e188d175fa8ff9663e4f44a4423c3f897e97cb7ff42d0","Success","call","0x3fc91a3afd70395cd496c647d5a6cc9d4b2b7fad","Uniswap: Universal Router V2 Support","0x4200000000000000000000000000000000000006","Wrapped Ether","224 wei","$0.00"
"","","0x791f061ae5ff9a0c7463fe4cdbd70439b1d9cc0156ade805c76adba0e8c32562","Success","call","0x3fc91a3afd70395cd496c647d5a6cc9d4b2b7fad","Uniswap: Universal Router V2 Support","0x4200000000000000000000000000000000000006","Wrapped Ether","397 wei","$0.00"
"","","0x54ccdfd552b50e8e998cfde0bc581a8cd022ca6ce7bd6274e9055570e3ded0e0","Success","call","0x3fc91a3afd70395cd496c647d5a6cc9d4b2b7fad","Uniswap: Universal Router V2 Support","0x4200000000000000000000000000000000000006","Wrapped Ether","351 wei","$0.00"
"","","0x74d2824d93a490084f34c6c6135e845cc603a2249b740148a497fe5dbdc5359f","Success","call","0x3fc91a3afd70395cd496c647d5a6cc9d4b2b7fad","Uniswap: Universal Router V2 Support","0x4200000000000000000000000000000000000006","Wrapped Ether","410 wei","$0.00"
"","","0x82f5f60f1cccd03023239e26413d8eae9317e5bb35b49b1df1a89046f951e4d9","Success","call","0xdc181bd607330aeebef6ea62e03e5e1fb4b6f7c7","Stargate: Pool Native","0x07edadc94f56af10427f3ed5cf211c4a227b05a9","","0.03253 ETH","$71.86"
"","","0xe065f8ac24a7fa01d5ed6bc5e54af93ee6d6467e1d9992a70b52364eb2f1998d","Success","call","0x4752ba5dbc23f44d87826276bf6fd6b1c372ad24","Uniswap: V2 Router02","0x4200000000000000000000000000000000000006","Wrapped Ether","0.1504 ETH","$332.25"
"","","0xe065f8ac24a7fa01d5ed6bc5e54af93ee6d6467e1d9992a70b52364eb2f1998d","Success","call","0x010fde34853a5c024fa5c84d8824256072743be8","","0x4752ba5dbc23f44d87826276bf6fd6b1c372ad24","Uniswap: V2 Router02","0.1504 ETH","$332.25"
"","","0x3ac67de57002dddf30d05d7dde05eb600d0fa458eeebcd3a8807a5c8a009d924","Success","call","0x4752ba5dbc23f44d87826276bf6fd6b1c372ad24","Uniswap: V2 Router02","0x010fde34853a5c024fa5c84d8824256072743be8","","0.226063336552684814 ETH","$499.41"
"","","0x3ac67de57002dddf30d05d7dde05eb600d0fa458eeebcd3a8807a5c8a009d924","Success","call","0x4200000000000000000000000000000000000006","Wrapped Ether","0x4752ba5dbc23f44d87826276bf6fd6b1c372ad24","Uniswap: V2 Router02","0.226063336552684814 ETH","$499.41"
"","","0xe581abf4b4171983bb808b8bff158294893faff17c8f8798ef61681bd6d236e7","Success","call","0x4752ba5dbc23f44d87826276bf6fd6b1c372ad24","Uniswap: V2 Router02","0x4200000000000000000000000000000000000006","Wrapped Ether","2 ETH","$4,418.28"
"","","0xe581abf4b4171983bb808b8bff158294893faff17c8f8798ef61681bd6d236e7","Success","call","0xa6d200fd5cbedbed878cd017128a505cdcd30a71","","0x4752ba5dbc23f44d87826276bf6fd6b1c372ad24","Uniswap: V2 Router02","2 ETH","$4,418.28"
"","","0xabd31f2037c9ec30dceb56a0d541f9f47784fcf3aae6dabe445e82b319745ee1","Success","call","0xa5f565650890fba1824ee0f21ebbbf660a179934","Reservoir: Relay Receiver","0xf70da97812cb96acdf810712aa562db8dfa3dbef","","0.000259943657638642 ETH","$0.57"
"","","0x0c5131633352139301475d048468205a1c43bd39411859dee87db8db81cb0680","Success","call","0x4752ba5dbc23f44d87826276bf6fd6b1c372ad24","Uniswap: V2 Router02","0x13e960f39372f480aa499cab13a9c273bc987dd7","","0.000501956965019247 ETH","$1.11"
"","","0x0c5131633352139301475d048468205a1c43bd39411859dee87db8db81cb0680","Success","call","0x4200000000000000000000000000000000000006","Wrapped Ether","0x4752ba5dbc23f44d87826276bf6fd6b1c372ad24","Uniswap: V2 Router02","0.000501956965019247 ETH","$1.11"
"27186261","2025-03-05 08:04:29","0x404584ba7adf33d10ffbf1aacd2072b4ef03e737e18c0789e3df12595d16e308","Success","create2","0x0000000000771a79d0fc7f3b7fe270eb4498f20b","","0xc8bce0d28da30c8bee0463db9209f71954a94be4","","0 ETH","$0.00"
"","","0x404584ba7adf33d10ffbf1aacd2072b4ef03e737e18c0789e3df12595d16e308","Success","create2","0x0000000000771a79d0fc7f3b7fe270eb4498f20b","","0xce480bcf9684ac9927742011f4faa5bb7ea674e5","","0 ETH","$0.00"
"","","0x404584ba7adf33d10ffbf1aacd2072b4ef03e737e18c0789e3df12595d16e308","Success","create2","0x0000000000771a79d0fc7f3b7fe270eb4498f20b","","0x3cb13b9b39bc40492dafff9d231197a1b7a77c83","","0 ETH","$0.00"
"","","0x404584ba7adf33d10ffbf1aacd2072b4ef03e737e18c0789e3df12595d16e308","Success","create2","0x0000000000771a79d0fc7f3b7fe270eb4498f20b","","0x5ec939c1b68bc4180d8c49f9e5acc3b317c51833","","0 ETH","$0.00"
"","","0x404584ba7adf33d10ffbf1aacd2072b4ef03e737e18c0789e3df12595d16e308","Success","create2","0x0000000000771a79d0fc7f3b7fe270eb4498f20b","","0xca613bccbac4c5cc20af7a33fe18a80085790f81","","0 ETH","$0.00"
"","","0x404584ba7adf33d10ffbf1aacd2072b4ef03e737e18c0789e3df12595d16e308","Success","create2","0x0000000000771a79d0fc7f3b7fe270eb4498f20b","","0xfff0ae45103ef3716070bba89195ff6fb9860750","","0 ETH","$0.00"
"","","0x404584ba7adf33d10ffbf1aacd2072b4ef03e737e18c0789e3df12595d16e308","Success","create2","0x0000000000771a79d0fc7f3b7fe270eb4498f20b","","0xe656ef341a6cb1678c4001e38ae9fd13b9eb08b8","","0 ETH","$0.00"
"","","0x404584ba7adf33d10ffbf1aacd2072b4ef03e737e18c0789e3df12595d16e308","Success","create2","0x0000000000771a79d0fc7f3b7fe270eb4498f20b","","0x2465b273edfa3c205c79a778f483cdc26d8f0839","","0 ETH","$0.00"
"","","0x404584ba7adf33d10ffbf1aacd2072b4ef03e737e18c0789e3df12595d16e308","Success","create2","0x0000000000771a79d0fc7f3b7fe270eb4498f20b","","0xa0be090414c39e0a4b3233edd0e1c7f2bf3e5fda","","0 ETH","$0.00"
"","","0x404584ba7adf33d10ffbf1aacd2072b4ef03e737e18c0789e3df12595d16e308","Success","create2","0x0000000000771a79d0fc7f3b7fe270eb4498f20b","","0xc1873bc4459fb912ce9aa7fd8154fd7477f7e92e","","0 ETH","$0.00"
"","","0x404584ba7adf33d10ffbf1aacd2072b4ef03e737e18c0789e3df12595d16e308","Success","create2","0x0000000000771a79d0fc7f3b7fe270eb4498f20b","","0x68fca0e8bc1c9fa8edab58924ba109fc94e99499","","0 ETH","$0.00"