Transaction Hash,Status,Method,Blockno,DateTime (UTC),From,From_Nametag,To,To_Nametag,Amount,Value (USD),Txn Fee
"0xf826deff91e172532b9da23634fea676a344e236d1a6d7c881043267344a005a","(Pending)","Transfer","(Pending)","2025-03-15 02:21:44","0x5041ed759dd4afc3a72b8192c143f72f4724081a","OKX 7","0xdAC17F958D2ee523a2206206994597C13D831ec7","0xb94FC0e2F922daBFDa11710dEC17AF194","0 ETH","$0.00","(Pending)"
"0x125d5872a217550b81f64be4eb05c2432f169a8688db8b3180d330b9c498cdb9","(Pending)","Transfer","(Pending)","2025-03-15 02:21:44","0x5041ed759dd4afc3a72b8192c143f72f4724081a","OKX 7","0xdAC17F958D2ee523a2206206994597C13D831ec7","0xb94FC0e2F922daBFDa11710dEC17AF194","0 ETH","$0.00","(Pending)"
"0xba83d438fcb85b3449438c1ba27fcb9ebe5b9fa4d3b5e5dcf18e8b9a287776b2","(Pending)","Transfer","(Pending)","2025-03-15 02:21:42","0x8660cd0ca21004bd123e08a9f20cc220f01a838c","","0xdAC17F958D2ee523a2206206994597C13D831ec7","0xb94FC0e2F922daBFDa11710dEC17AF194","0 ETH","$0.00","(Pending)"
"0x790294ac7d36f02370b86df88f74f8c40bf298e83846e2a8f9e3dbefe5470eb4","(Pending)","Transfer","(Pending)","2025-03-15 02:21:37","0x769d80f1f14c08a5cad53e9bab615dd24fd7feed","","0xdAC17F958D2ee523a2206206994597C13D831ec7","0xb94FC0e2F922daBFDa11710dEC17AF194","0 ETH","$0.00","(Pending)"
"0x537341480d7575aec8cac0ba187037172a8af1193400c63e815b69eda85e9fc5","(Pending)","Transfer","(Pending)","2025-03-15 02:21:37","0x9696f59e4d72e237be84ffd425dcad154bf96976","Binance 18","0xdAC17F958D2ee523a2206206994597C13D831ec7","0xb94FC0e2F922daBFDa11710dEC17AF194","0 ETH","$0.00","(Pending)"
"0xba376c130776516d0cb28c93fa2f16e93529baa03945381b1ac41c64564ab4f9","(Pending)","Transfer","(Pending)","2025-03-15 02:21:37","0x50119751420402e0a12334100270d776607a6160","","0xdAC17F958D2ee523a2206206994597C13D831ec7","0xb94FC0e2F922daBFDa11710dEC17AF194","0 ETH","$0.00","(Pending)"
"0x27f2abea7cd238fef927b0a0d6306933d70a5e4ffd2907127b8cbbb1a8355f68","(Pending)","Transfer","(Pending)","2025-03-15 02:21:37","0x21a31ee1afc51d94c2efccaa2092ad1028285549","Binance 15","0xdAC17F958D2ee523a2206206994597C13D831ec7","0xb94FC0e2F922daBFDa11710dEC17AF194","0 ETH","$0.00","(Pending)"
"0xc805248c0d19aba8406b9949081c2813d5c258bb05efdc2e8522d41b68f0c7a7","(Pending)","Transfer","(Pending)","2025-03-15 02:21:09","0x9b75f7c253656cf0befdc311a24ab87c81766829","","0xdAC17F958D2ee523a2206206994597C13D831ec7","0xb94FC0e2F922daBFDa11710dEC17AF194","0 ETH","$0.00","(Pending)"
"0x7cbdde4b7554d2abc3222aee676c0fb42d9c129e869d9e71e8d6d3c9c9c0e268","(Pending)","Transfer","(Pending)","2025-03-15 02:21:01","0xb8001c3ec9aa1985f6c747e25c28324e4a361ec1","Cobo: Custody","0xdAC17F958D2ee523a2206206994597C13D831ec7","0xb94FC0e2F922daBFDa11710dEC17AF194","0 ETH","$0.00","(Pending)"
"0xd53b45c59814304afc158cb8a9a95af497b88411a9ca4b870b33041bf340a931","(Pending)","Transfer","(Pending)","2025-03-15 02:11:47","0xb4e1afef3b088d8c309379c6398df7bad9b34b7e","","0xdAC17F958D2ee523a2206206994597C13D831ec7","0xb94FC0e2F922daBFDa11710dEC17AF194","0 ETH","$0.00","(Pending)"
"0xae0784c67e127c823acc4edc99d37c24c39c208c491a726073f03e3624104afb","(Pending)","Transfer","(Pending)","2025-03-15 01:57:33","0x62011c8192d759dc59272125e5c75d11b91cc652","","0xdAC17F958D2ee523a2206206994597C13D831ec7","0xb94FC0e2F922daBFDa11710dEC17AF194","0 ETH","$0.00","(Pending)"
"0xb6237a506e43ba16d581a3a7470e13db580e764df332ccfe1f54a0c2bfec4926","(Pending)","Transfer","(Pending)","2025-03-15 01:47:57","0x974caa59e49682cda0ad2bbe82983419a2ecc400","Stake.com","0xdAC17F958D2ee523a2206206994597C13D831ec7","0xb94FC0e2F922daBFDa11710dEC17AF194","0 ETH","$0.00","(Pending)"
"0x6b022766d44ef8a405d85cf48d0dd874a66faff98ac252b8884c348444b6b044","(Pending)","Transfer","(Pending)","2025-03-15 01:45:05","0xfa96c926575e1e5480ab58e18f51215cf2630edb","","0xdAC17F958D2ee523a2206206994597C13D831ec7","0xb94FC0e2F922daBFDa11710dEC17AF194","0 ETH","$0.00","(Pending)"
"0x355213626dc62b1f5777c9601a52d202df1eb2e49dfc9c8f8ffda292a9c598dd","(Pending)","Transfer","(Pending)","2025-03-15 01:34:45","0x974caa59e49682cda0ad2bbe82983419a2ecc400","Stake.com","0xdAC17F958D2ee523a2206206994597C13D831ec7","0xb94FC0e2F922daBFDa11710dEC17AF194","0 ETH","$0.00","(Pending)"
"0x548ca84eb40bd8e2a87a7c0e1a4def5c5348ba091d75bf5fa5764ea2cc824a7f","(Pending)","Transfer","(Pending)","2025-03-15 01:04:00","0xb1ea5538408c04436040e2858c597493ad104705","","0xdAC17F958D2ee523a2206206994597C13D831ec7","0xb94FC0e2F922daBFDa11710dEC17AF194","0 ETH","$0.00","(Pending)"
"0xdcd94175eb76011d243e59c27f2485b162f49e6bd379b184c01412bd091cc054","(Pending)","Transfer","(Pending)","2025-03-15 00:40:43","0xd49ef9455bf1434349ee04725f5b892462b248a4","","0xdAC17F958D2ee523a2206206994597C13D831ec7","0xb94FC0e2F922daBFDa11710dEC17AF194","0 ETH","$0.00","(Pending)"
"0x1e636f123a92235cf4f35c13564e48ca000e8c8deec492ec9b84562e935525d0","(Pending)","Transfer","(Pending)","2025-03-15 00:00:44","0x43481442b7907f5c5d0f0cf0ef3b6238980053f1","","0xdAC17F958D2ee523a2206206994597C13D831ec7","0xb94FC0e2F922daBFDa11710dEC17AF194","0 ETH","$0.00","(Pending)"
"0x2ee0d09714a8771903d9f5ec11f852a1c168c236deb22d662e75607ee882b25c","(Pending)","Transfer","(Pending)","2025-03-14 23:51:51","0xe5759c2bf140bcd6b5cb1f9ce401759d37976e3a","","0xdAC17F958D2ee523a2206206994597C13D831ec7","0xb94FC0e2F922daBFDa11710dEC17AF194","0 ETH","$0.00","(Pending)"
"0x26097b32ccfe47ffe8e32a24753648c2c6fa2dc5f5ec0d3f3b0080d682156cc1","(Pending)","Transfer","(Pending)","2025-03-14 23:38:13","0x1fee9f8c8a12a3f3230428c3d97599495bf23973","","0xdAC17F958D2ee523a2206206994597C13D831ec7","0xb94FC0e2F922daBFDa11710dEC17AF194","0 ETH","$0.00","(Pending)"
"0x57d253307317178968263bdde7a0613959ca96d25cd872523b254e22971e3330","(Pending)","Approve","(Pending)","2025-03-14 22:55:03","0xed48e711bfd47aed09ca30abb26ad7f5fa805d0d","","0xdAC17F958D2ee523a2206206994597C13D831ec7","0xb94FC0e2F922daBFDa11710dEC17AF194","0 ETH","$0.00","(Pending)"
"0x20dc6128e1e5f6adaa328029a9e14e51a7658e4841df01a07f2a6187dd984d7e","(Pending)","Approve","(Pending)","2025-03-14 22:55:03","0xed48e711bfd47aed09ca30abb26ad7f5fa805d0d","","0xdAC17F958D2ee523a2206206994597C13D831ec7","0xb94FC0e2F922daBFDa11710dEC17AF194","0 ETH","$0.00","(Pending)"
"0x5c1c395fb1461a860a26e74909b7b743ff840541fdf58ff4e1673fcadd002b75","(Pending)","Transfer","(Pending)","2025-03-14 22:37:42","0xda82323b0e17cc529de34a8e8e7210473402fe7c","","0xdAC17F958D2ee523a2206206994597C13D831ec7","0xb94FC0e2F922daBFDa11710dEC17AF194","0 ETH","$0.00","(Pending)"
"0xba068724aba9e7f6c1266957e2ea93bd1d9fe7e8c76f4f8be2c53a87384aed22","(Pending)","Transfer","(Pending)","2025-03-14 22:27:47","0x019d57fd3c2be749d624379c4c9441e8be8181f9","","0xdAC17F958D2ee523a2206206994597C13D831ec7","0xb94FC0e2F922daBFDa11710dEC17AF194","0 ETH","$0.00","(Pending)"
"0x274a59652c374073629a7f83745c2141558326207000496af9e38b6572433136","(Pending)","Transfer","(Pending)","2025-03-14 21:55:45","0x8ab7d87c498be8ea5bdcaa1d3e866f778f3b3d41","","0xdAC17F958D2ee523a2206206994597C13D831ec7","0xb94FC0e2F922daBFDa11710dEC17AF194","0 ETH","$0.00","(Pending)"
"0x093572bdd824e5688cf49ca3c4311098bf592a9cae107b38f8757cc6ef1ccdd7","(Pending)","Transfer","(Pending)","2025-03-14 21:38:18","0xd49ef9455bf1434349ee04725f5b892462b248a4","","0xdAC17F958D2ee523a2206206994597C13D831ec7","0xb94FC0e2F922daBFDa11710dEC17AF194","0 ETH","$0.00","(Pending)"