Transaction Hash,Status,Method,BlockNo,DateTime (UTC),From,From_Nametag,To,To_Nametag,Type,Item,Quantity
"0xd77b523265c3e4e956dc6cd962c398d3b42ca3562ac04a3d80e9245af70f698d","Success","Fulfill Advanced Order","22094131","2025-03-21 08:45:11","0x2F4bA86938F6876b31AF7005aDA59c6F189A4e12","","0x3620B4CFC4Ba052d0292a44D4C91980b1edbD06B","","ERC-721","NFT: TheKey","1"
"0xb25f87c68e488b5dec2b911b66f2dc99f4769292164d12b8ca523476ba8985e8","Success","Redeem Plans","22094131","2025-03-21 08:45:11","0xEC9ef5a368e8135C257705d6A413834ff422C553","","0x0000000000000000000000000000000000000000","Null: 0x000...000","ERC-721","NFT: TokenLockupPlans","1"
"0x2da1830a3ef92f7cd7cdbf1a99a39f87cbfa25d1b9d713c645e9b13631e78c0c","Success","0x00000000","22094131","2025-03-21 08:45:11","0x383c3191c1e5a1b962f1dF313df9daA6F65cA44f","","0x975E7Db1e41bE658298cA3D4501575b931Aa86A9","","ERC-1155","The Memes by 6529","1"
"0x3313a046ec322de46b34f6df9210e10589adb66c33e40c4b0898f02205cd8bcd","Success","Multi Configure","22094130","2025-03-21 08:44:59","0x0000000000000000000000000000000000000000","Null: 0x000...000","0xd584eb9E6dbbD82F64078b4F73fc0c88afBF8E1E","","ERC-1155","NFT: WhatsApp? Next step?","1"
"0x198d3998e5e0360d5add21df772374342b04ad0a9f11e4ac5da1641540a3cbee","Success","Bulk Claim Rank","22094130","2025-03-21 08:44:59","0x0000000000000000000000000000000000000000","Null: 0x000...000","0xA17d003E0F6853cd146889066209D489795C5D86","","ERC-721","XEN Torrent","1"
"0x1108e2494f9c88ef4b6d51a4ccd28289cf218fabf0aa6c7a91cecdcd536bcd47","Success","Match Advanced Orders","22094128","2025-03-21 08:44:35","0x644Ac747AeA628c6dCD0a523865002f32C1375Be","","0x1eB61484f9657E0D79F192007975b3a2AD5B4f1D","","ERC-721","FinalBosu","1"
"0x9bdaef7e4b2f3197fae032c2be4be498a4d2d227ddd04c7a4c608a58ea691769","Success","Request Exit","22094128","2025-03-21 08:44:35","0x0000000000000000000000000000000000000000","Null: 0x000...000","0x12F53854630E108ea956c9e55F5A0676c916e592","","ERC-721","NFT: Kiln Exit Queue","1"
"0x68c3e9a9ce24718e4779ab27af4482625ce8db871c9048baafa8e21b978307d7","Success","Mint Public","22094128","2025-03-21 08:44:35","0x0000000000000000000000000000000000000000","Null: 0x000...000","0x2De843154939557308d5e89e87AB59B4d046aa3e","","ERC-721","NFT: Badly Bunny Genesis","1"
"0x03bda093bb95cf5389c9b7598e6bc786646eae765402f2cf5095fc46135a2748","Success","Multi Configure","22094128","2025-03-21 08:44:35","0x0000000000000000000000000000000000000000","Null: 0x000...000","0xa7456e8b123E725dF1bF3d7A0B466a2f679973E7","","ERC-1155","NFT: $TRUMP_DEAD","10"
"0x5b867071878735887c82299e7cff8da9a26b142a6d03dd494c108297ff386574","Success","0x00000000","22094127","2025-03-21 08:44:23","0x59e2337D163A7E7694f868b6e503400119E11e54","","0x6eDf2f7D71Acaa0B63b15AFa3dBe92B32355c480","","ERC-721","GOBLIN GRLZ","1"
"0x68bb30ea0361d0e0b0a2227853592263409cd5f9b6b22ee742488a3dec9b5ee3","Success","Fulfill Advanced Order","22094127","2025-03-21 08:44:23","0xc2BE6b252bb41ccf36Cb89309B87bA941D27bB49","","0x3BDF8C4F5Fd8E40CAcb8DFDa2B9cA5049DF1610B","","ERC-721","Persona","1"
"0x272e2e12b56ed9e698bcb6fbce8080281ac9f3b436ffed28f36c89c6fd3ffcab","Success","Redeem Due Interest And Rewards V2","22094125","2025-03-21 08:43:59","0xF7DE3c70F2db39a188A81052d2f3C8e3e217822a","","0x0000000000000000000000000000000000000000","Null: 0x000...000","ERC-1155","NFT: SuperPositions","214276"
"0x272e2e12b56ed9e698bcb6fbce8080281ac9f3b436ffed28f36c89c6fd3ffcab","Success","Redeem Due Interest And Rewards V2","22094125","2025-03-21 08:43:59","0xF7DE3c70F2db39a188A81052d2f3C8e3e217822a","","0x0000000000000000000000000000000000000000","Null: 0x000...000","ERC-1155","NFT: SuperPositions","4018322017147615656"
"0x1c26ddee1181390625e9d9899f9bd963c56104afab39d807a943a41f6d3f445b","Success","0xf57a1ee4","22094124","2025-03-21 08:43:47","0x0000000000000000000000000000000000000000","Null: 0x000...000","0x8fBA03c741d453DBaF06BE20E3A0a14d21B296e3","","ERC-721","NFT","1"
"0xe5638410ce633de9172f9aca9d8b423edb74d1c1dffa46f030dfacccd7dbe33c","Success","Claim Withdrawals","22094123","2025-03-21 08:43:35","0x2e898509AD5c2b2FD7880b5fE849e1EA2E8d1113","","0x0000000000000000000000000000000000000000","Null: 0x000...000","ERC-721","Lido: stETH Withdrawal NFT","1"
"0x38a0e2519a228a4f8b1c1a705055177e6ed9974ee1d7f39c2436523ed6b27954","Success","Fulfill Available Advanced Orders","22094123","2025-03-21 08:43:35","0xb2580c5E3D49f9DC13508BC6cBc312619442C28C","","0x6da21D6307E70e61DE59188c30B0f2Be8f4619F1","","ERC-721","Farmer","1"
"0x38a0e2519a228a4f8b1c1a705055177e6ed9974ee1d7f39c2436523ed6b27954","Success","Fulfill Available Advanced Orders","22094123","2025-03-21 08:43:35","0xb2580c5E3D49f9DC13508BC6cBc312619442C28C","","0x6da21D6307E70e61DE59188c30B0f2Be8f4619F1","","ERC-721","Farmer","1"
"0x38a0e2519a228a4f8b1c1a705055177e6ed9974ee1d7f39c2436523ed6b27954","Success","Fulfill Available Advanced Orders","22094123","2025-03-21 08:43:35","0xb2580c5E3D49f9DC13508BC6cBc312619442C28C","","0x6da21D6307E70e61DE59188c30B0f2Be8f4619F1","","ERC-721","Farmer","1"
"0x38a0e2519a228a4f8b1c1a705055177e6ed9974ee1d7f39c2436523ed6b27954","Success","Fulfill Available Advanced Orders","22094123","2025-03-21 08:43:35","0xb2580c5E3D49f9DC13508BC6cBc312619442C28C","","0x6da21D6307E70e61DE59188c30B0f2Be8f4619F1","","ERC-721","Farmer","1"
"0x0c0454f2c3ab296d601bfcbba83c6328fd684fb9a711613bb83f54964beec3d8","Success","Sell Eth For Token To Uniswap V3","22094122","2025-03-21 08:43:23","0x0000000000000000000000000000000000000000","Null: 0x000...000","0x71a8053384B6045E158C6Eb1AD7E135569C27fA2","","ERC-721","NFT: Chiblings","1"
"0x0c0454f2c3ab296d601bfcbba83c6328fd684fb9a711613bb83f54964beec3d8","Success","Sell Eth For Token To Uniswap V3","22094122","2025-03-21 08:43:23","0x0000000000000000000000000000000000000000","Null: 0x000...000","0x71a8053384B6045E158C6Eb1AD7E135569C27fA2","","ERC-721","NFT: Chiblings","1"
"0x0c0454f2c3ab296d601bfcbba83c6328fd684fb9a711613bb83f54964beec3d8","Success","Sell Eth For Token To Uniswap V3","22094122","2025-03-21 08:43:23","0x0000000000000000000000000000000000000000","Null: 0x000...000","0x71a8053384B6045E158C6Eb1AD7E135569C27fA2","","ERC-721","NFT: Chiblings","1"
"0x0c0454f2c3ab296d601bfcbba83c6328fd684fb9a711613bb83f54964beec3d8","Success","Sell Eth For Token To Uniswap V3","22094122","2025-03-21 08:43:23","0x0000000000000000000000000000000000000000","Null: 0x000...000","0x71a8053384B6045E158C6Eb1AD7E135569C27fA2","","ERC-721","NFT: Chiblings","1"
"0x0c0454f2c3ab296d601bfcbba83c6328fd684fb9a711613bb83f54964beec3d8","Success","Sell Eth For Token To Uniswap V3","22094122","2025-03-21 08:43:23","0x0000000000000000000000000000000000000000","Null: 0x000...000","0x71a8053384B6045E158C6Eb1AD7E135569C27fA2","","ERC-721","NFT: Chiblings","1"
"0x0c0454f2c3ab296d601bfcbba83c6328fd684fb9a711613bb83f54964beec3d8","Success","Sell Eth For Token To Uniswap V3","22094122","2025-03-21 08:43:23","0x0000000000000000000000000000000000000000","Null: 0x000...000","0x71a8053384B6045E158C6Eb1AD7E135569C27fA2","","ERC-721","NFT: Chiblings","1"